dataset_id,dataset_name,original_n_samples,original_n_features,num_categorical_columns,num_pseudo_categorical_columns,num_columns_missing,num_rows_missing,score_resnet,score_linear,score_hgbt,score_tree,score_mlp,score_rf,heterogeneous,n_samples,too_small,too_easy,score_cocktails_default,score_cocktails_random
44,spambase,4601.0,57.0,0.0,0.0,0.0,0.0,0.9238970588235292,0.917095588235294,0.9477941176470588,0.9027573529411764,0.9332720588235294,0.9420955882352942,,3626.0,False,,0.9283088235294118,
60,waveform-5000,5000.0,40.0,0.0,0.0,0.0,0.0,0.900503524672709,0.927693856998993,0.9190332326283988,0.865055387713998,0.912588116817724,0.921450151057402,,3310.0,False,,0.916414904330312,0.9204431017119838
151,electricity,45312.0,8.0,1.0,0.0,0.0,0.0,0.7895118002896822,0.7409389111357246,0.8666013461702308,0.8344636619238306,0.787722586691659,0.8623583539234898,,38474.0,False,,0.8128993780352731,0.8187782227144926
279,meta_stream_intervals.arff,45164.0,74.0,0.0,1.0,0.0,0.0,0.990750141003948,0.972645234066554,0.996897913141568,0.9954314720812184,0.9919345741680766,0.9965595036661028,,11818.0,False,,0.9906937394247038,
293,covertype,581012.0,54.0,0.0,0.0,0.0,0.0,0.8243466666666667,0.6164866666666666,0.8189733333333333,0.7644066666666667,0.7845133333333333,0.8278800000000001,,566602.0,False,,0.8374,0.8496333333333334
351,codrna,488565.0,8.0,0.0,0.0,0.0,0.0,0.96186,0.95284,0.9642,0.93188,0.9630733333333332,0.95746,,325710.0,False,,0.9623,
354,poker,1025010.0,10.0,0.0,5.0,0.0,0.0,0.7769799999999999,0.4995,0.7950733333333334,0.6539133333333333,0.7292133333333333,0.75254,,1022616.0,False,,0.9538,0.8041333333333334
357,vehicle_sensIT,98528.0,100.0,0.0,0.0,0.0,0.0,0.8463466666666667,0.8577933333333334,0.86792,0.7824933333333333,0.8291933333333332,0.8628866666666667,,98528.0,False,,0.8428333333333333,0.8632333333333333
720,abalone,4177.0,8.0,1.0,0.0,0.0,0.0,0.7868694955964772,0.7831865492393915,0.7646116893514812,0.7143314651721376,0.7932746196957565,0.7844675740592474,,4162.0,False,,0.7806244995996797,0.7838270616493195
722,pol,15000.0,48.0,0.0,22.0,0.0,0.0,0.6953388429752065,0.8565950413223142,0.985190082644628,0.9722314049586778,0.985785123966942,0.9816859504132232,,10082.0,False,,0.9077685950413223,0.9094214876033058
725,bank8FM,8192.0,8.0,0.0,1.0,0.0,0.0,0.9366246851385392,0.9381360201511336,0.9338035264483628,0.9082115869017632,0.9408564231738036,0.9357178841309824,,6614.0,False,,0.9360201511335012,
734,ailerons,13750.0,40.0,0.0,7.0,0.0,0.0,0.8662853874749785,0.8773234200743494,0.8844152130397482,0.8304832713754647,0.8738919073491564,0.8719473834715471,,11656.0,False,,0.8618816128109809,0.8870460394623964
735,cpu_small,8192.0,12.0,0.0,0.0,0.0,0.0,0.9104236718224614,0.9045057162071284,0.9159381304640216,0.8655010087424344,0.9141896435776732,0.9172831203765972,,4954.0,False,,0.9112306657700068,0.9098856758574312
737,space_ga,3107.0,6.0,0.0,0.0,0.0,0.0,0.8745945945945947,0.8324324324324325,0.8421621621621622,0.7591351351351352,0.8592432432432432,0.8337297297297297,,3082.0,False,,0.8497297297297297,0.8421621621621621
761,cpu_act,8192.0,21.0,0.0,0.0,0.0,0.0,0.9236045729657028,0.9245460659045058,0.9301950235373236,0.8883658372562205,0.9305985205110964,0.9276395427034296,,4954.0,False,,0.9199731002017484,
803,delta_ailerons,7129.0,5.0,0.0,0.0,0.0,0.0,0.9395418326693228,0.9393426294820716,0.9423306772908366,0.9107569721115536,0.9423306772908366,0.9446215139442232,,6692.0,False,,0.9307768924302788,
816,puma8NH,8192.0,8.0,0.0,0.0,0.0,0.0,0.7937883122190437,0.8274621986105435,0.818226399673069,0.760114425827544,0.8322026971802208,0.8294237842255823,,8156.0,False,,0.8062934205149163,0.8348998774008991
819,delta_elevators,9517.0,6.0,0.0,1.0,0.0,0.0,0.876056338028169,0.8823239436619719,0.8709154929577465,0.821338028169014,0.8804929577464791,0.8778169014084506,,9464.0,False,,0.8757042253521127,0.8876760563380282
821,house_16H,22784.0,16.0,0.0,0.0,0.0,0.0,0.8711638250555968,0.8237706943414874,0.8812453669384729,0.8131455399061032,0.8743760810476896,0.8781813689152458,,13488.0,False,,0.8542129972819372,0.8799110452186805
823,houses,20640.0,8.0,0.0,0.0,0.0,0.0,0.9827631332959432,0.9629463451112358,0.9828379136287156,0.97573378201533,0.9821648906337634,0.983249205458964,,17828.0,False,,0.9835483267900542,
833,bank32nh,8192.0,32.0,0.0,4.0,0.0,0.0,0.7558322411533421,0.8002621231979031,0.78086500655308,0.6993446920052424,0.7699868938401049,0.7792922673656618,,5086.0,False,,0.7706422018348624,0.7968545216251638
846,elevators,16599.0,18.0,0.0,2.0,0.0,0.0,0.87268593699253,0.8696979538811302,0.8610587853199091,0.7537512179278986,0.8773627801234166,0.8268918480025983,,10260.0,False,,0.8720363754465735,0.8801558947710295
847,wind,6574.0,14.0,0.0,0.0,0.0,0.0,0.8495661605206074,0.8488069414316703,0.8568329718004339,0.7911062906724512,0.8656182212581346,0.8569414316702819,,6146.0,False,,0.8443600867678959,0.8644251626898047
871,pollen,3848.0,5.0,0.0,0.0,0.0,0.0,0.4824242424242424,0.4902164502164502,0.4896969696969696,0.4916017316017316,0.4891774891774892,0.4936796536796537,,3848.0,False,,0.4865800865800865,
976,JapaneseVowels,9961.0,14.0,0.0,0.0,0.0,0.0,0.9902992776057792,0.9531475748194014,0.9839009287925696,0.9525283797729618,0.9857585139318884,0.9834881320949432,,3228.0,False,,0.9958720330237358,
979,waveform-5000,5000.0,40.0,0.0,0.0,0.0,0.0,0.8586614173228346,0.8663385826771653,0.8789370078740157,0.80748031496063,0.8710629921259843,0.8820866141732283,,3384.0,False,,0.8690944881889764,0.8523622047244095
993,kdd_ipums_la_97-small,7019.0,60.0,27.0,13.0,0.0,0.0,0.8369942196531792,0.8291586384071934,0.8795118818240205,0.8409762363519588,0.8463712267180477,0.8823378291586383,,5188.0,False,,0.8342967244701349,0.8413615928066795
1044,eye_movements,10936.0,27.0,3.0,4.0,0.0,0.0,0.583442838370565,0.5531318440648268,0.6592203241349102,0.5667104686815595,0.5889618922470434,0.6432763907139728,,7608.0,False,,0.5843188786684187,0.8420134562671319
1053,jm1,10885.0,21.0,0.0,0.0,0.0,5.0,0.6591125198098255,0.6535657686212362,0.6481774960380349,0.6158478605388272,0.6567353407290015,0.6613312202852615,,4206.0,False,,0.6537242472266244,0.6473851030110935
1110,KDDCup99_full,4898431.0,41.0,7.0,6.0,0.0,0.0,0.9997666666666668,0.9999933333333332,1.0,0.9999666666666668,0.9999666666666668,1.0,,2144034.0,False,,1.0,
1113,KDDCup99,494020.0,41.0,7.0,7.0,0.0,0.0,0.9998133333333332,0.9999933333333332,1.0,0.99996,1.0,1.0,,214402.0,False,,1.0,
1119,adult-census,32561.0,14.0,8.0,0.0,0.0,0.0,0.754643995749203,0.743039319872476,0.7730924548352816,0.6894367693942615,0.7608926673751328,0.7362380446333687,,15682.0,False,,0.7568544102019129,0.758979808714134
1120,MagicTelescope,19020.0,10.0,0.0,0.0,0.0,0.0,0.8515823573386493,0.7671567405930725,0.8612010964365812,0.7902317468228257,0.8515823573386495,0.8558185895838525,,13376.0,False,,0.8492399700971841,0.795526149968494
1222,letter-challenge-unlabeled.arff,20000.0,16.0,0.0,0.0,0.0,0.0,0.548987108655617,0.5560313075506447,0.5949815837937384,0.5576887661141804,0.5746777163904235,0.5773480662983426,,14480.0,False,,0.5568600368324125,0.5573204419889503
1241,codrnaNorm,488565.0,8.0,0.0,0.0,0.0,0.0,0.96258,0.9536266666666666,0.96516,0.9333,0.9638266666666666,0.9581933333333332,,325710.0,False,,0.9625666666666668,
1242,vehicleNorm,98528.0,100.0,0.0,0.0,0.0,0.0,0.8470400000000001,0.8571933333333333,0.8674066666666667,0.7812866666666667,0.8318133333333334,0.8624333333333333,,98528.0,False,,0.8421666666666666,0.861
1461,bank-marketing,45211.0,16.0,9.0,0.0,0.0,0.0,0.7882797731568998,0.7470069313169503,0.7935097668557025,0.7277252678008822,0.7918084436042848,0.797416509136736,,10578.0,False,,0.782608695652174,0.8718487394957983
1476,gas-drift,13910.0,128.0,0.0,0.0,0.0,0.0,0.9981776765375854,0.998519362186788,0.9979498861047836,0.9931662870159452,0.998633257403189,0.9980637813211845,,5852.0,False,,0.9982915717539864,
1477,gas-drift-different-concentrations,13910.0,129.0,0.0,0.0,0.0,0.0,0.9977220956719816,0.9982915717539862,0.9980637813211845,0.99373576309795,0.998633257403189,0.9977220956719816,,5852.0,False,,0.9971526195899773,
1478,har,10299.0,561.0,0.0,0.0,0.0,0.0,0.9993006993006992,1.0,0.9998251748251747,1.0,0.9993006993006992,1.0,,3812.0,False,,1.0,
1486,nomao,34465.0,118.0,29.0,15.0,0.0,0.0,0.952429321144405,0.9286270526493992,0.9657694261046216,0.938953783646521,0.9544608092094128,0.9625529033350264,,19688.0,False,,0.9586930760115118,
1489,phoneme,5404.0,5.0,0.0,0.0,0.0,0.0,0.8510504201680671,0.7373949579831933,0.8737394957983193,0.8336134453781513,0.8394957983193277,0.8831932773109245,,3172.0,False,,0.8581932773109243,0.7705333333333333
1503,spoken-arabic-digit,263256.0,14.0,0.0,0.0,0.0,0.0,0.5326933333333332,0.5192866666666667,0.52952,0.52324,0.5353333333333333,0.5652133333333332,,52932.0,False,,0.5829333333333333,
1507,twonorm,7400.0,20.0,0.0,0.0,0.0,0.0,0.966381252816584,0.9764758900405588,0.9693555655700766,0.8414601171698963,0.9697160883280758,0.9689049121225776,,7394.0,False,,0.964849031095088,0.9738621000450652
1526,wall-robot-navigation,5456.0,4.0,0.0,0.0,0.0,0.0,0.9806195393169184,0.972041302621128,0.9996822875297856,1.0,0.9926926131850674,1.0,,4194.0,False,,0.9912629070691024,
1590,adult,48842.0,14.0,8.0,0.0,0.0,0.0,0.7550035825173156,0.7418915691425841,0.7747551946501074,0.7038452352519704,0.7565798901361356,0.7373775973250538,,23374.0,False,,0.7567470742775256,0.7538810604251254
4134,Bioresponse,3751.0,1776.0,0.0,522.0,0.0,0.0,0.7507274490785645,0.7487875848690593,0.7804073714839961,0.6973811833171678,0.7738118331716779,0.7840931134820562,,3434.0,False,,0.7691561590688651,0.7759456838021338
4541,Diabetes130US,101766.0,49.0,36.0,2.0,0.0,0.0,0.63378,0.6173266666666667,0.6549133333333333,0.5726933333333334,0.6324333333333334,0.6400533333333334,,71090.0,False,,0.5998666666666667,0.6395333333333333
23517,numerai28.6,96320.0,21.0,0.0,0.0,0.0,0.0,0.5092466666666666,0.5177466666666667,0.5108466666666666,0.5004466666666667,0.5055866666666666,0.5089666666666668,,95324.0,False,,0.5061666666666667,
40685,shuttle,58000.0,9.0,0.0,0.0,0.0,0.0,0.99180082366155,0.9803444402845376,1.0,0.999850243354549,0.9997379258704604,1.0,,17806.0,False,,1.0,
40923,Devnagari-Script,92000.0,1024.0,0.0,240.0,0.0,0.0,0.9876666666666668,0.9936666666666668,0.9973333333333332,0.986,0.998,0.9975,,4000.0,False,,0.9983333333333332,
41146,sylvine,5124.0,20.0,0.0,0.0,0.0,0.0,0.9136540962288686,0.9200260078023408,0.9539661898569572,0.9109232769830948,0.928218465539662,0.9423927178153444,,5124.0,False,,0.922626788036411,
41147,albert,425240.0,78.0,52.0,0.0,11.0,201038.0,0.6238866666666667,0.6052333333333333,0.6326866666666667,0.55016,0.6208,0.62486,,202948.0,False,,0.5746,0.6187
41150,MiniBooNE,130064.0,50.0,0.0,0.0,0.0,0.0,0.9186133333333334,0.8517399999999998,0.9338533333333334,0.8692,0.9231466666666666,0.92506,,72998.0,False,,0.9122666666666668,0.7156333333333333
41162,kick,72983.0,32.0,18.0,0.0,0.0,383.0,0.6425714819659877,0.6144645860586806,0.6299009530928797,0.5705475612035134,0.650943748831994,0.6327415436367034,,17836.0,False,,0.6211923005045786,0.6034386096056812
41163,dilbert,10000.0,2000.0,0.0,0.0,0.0,0.0,0.9998371335504884,0.9996742671009772,0.9993485342019544,0.9859934853420196,0.9996742671009772,0.9995114006514658,,4092.0,False,,1.0,
41164,fabert,8237.0,800.0,0.0,58.0,0.0,0.0,0.9632563256325632,0.9702970297029704,0.943894389438944,0.9575357535753576,0.968976897689769,0.9617161716171616,,3030.0,False,,0.9691969196919692,
41166,volkert,58310.0,180.0,0.0,33.0,0.0,0.0,0.9880816123413784,0.988181139586962,0.9889524757402338,0.9733515799950236,0.9894749937795472,0.985867131127146,,23038.0,False,,0.989674048270714,
41168,jannis,83733.0,54.0,0.0,0.0,0.0,0.0,0.72536,0.7274866666666667,0.7785466666666666,0.6791466666666667,0.7233066666666668,0.7713533333333334,,57580.0,False,,0.7307666666666667,0.5873850197109067
41169,helena,65196.0,27.0,0.0,0.0,0.0,0.0,0.9637649619151252,0.9659412404787812,0.9696409140369968,0.9424374319912948,0.9646354733405876,0.967791077257889,,6126.0,False,,0.9624591947769314,
41671,microaggregation2,20000.0,20.0,0.0,10.0,0.0,0.0,0.6637918215613382,0.6562825278810409,0.6210408921933086,0.5680297397769517,0.661189591078067,0.6359851301115242,,8964.0,False,,0.654275092936803,0.6446096654275093
41972,Indian_pines,9144.0,220.0,0.0,0.0,0.0,0.0,0.907323568575233,0.8785619174434087,0.9118508655126496,0.7669773635153129,0.9185086551264978,0.866444740346205,,5004.0,False,,0.9194407456724368,0.9374167776298268
42206,porto-seguro,595212.0,37.0,25.0,3.0,0.0,142164.0,0.5638595400870106,0.5648228713486637,0.5648228713486638,0.5168324010772737,0.5608038118914439,0.5474725502382431,,34308.0,False,,0.5271390097368966,0.5197845452662109
42343,KDD98,82318.0,477.0,136.0,11.0,27.0,8339.0,0.5236584916098102,0.5445325465609441,0.5594689286372857,0.5155449013461184,0.5224045731145123,0.5478148626221648,,18076.0,False,,0.525723769131477,0.519454176654988
42395,SantanderCustomerSatisfaction,200000.0,201.0,0.0,0.0,0.0,0.0,0.7300682648039372,0.7749801555802508,0.7871328782346405,0.5800365137323384,0.7191062073344975,0.7402841720908081,,40196.0,False,,0.7388871249404667,0.6951103349738054
42468,hls4ml_lhc_jets_hlf,830000.0,16.0,0.0,0.0,0.0,0.0,0.8986733333333333,0.8879733333333334,0.89606,0.84284,0.89962,0.8910066666666665,,334250.0,False,,0.8914666666666666,0.9031333333333332
42477,default-of-credit-card-clients,30000.0,23.0,0.0,2.0,0.0,0.0,0.6993972877950778,0.6693119035660472,0.6951783023606227,0.6207433450527373,0.7059266700150678,0.699347061778001,,13272.0,False,,0.688598694123556,0.6923656454043194
42742,porto-seguro,595212.0,57.0,31.0,6.0,0.0,142164.0,0.5342448725916717,0.5634244872591673,0.5654133001864513,0.5140563496996065,0.5341930805883571,0.5572819556660451,,34308.0,False,,0.5266728817070644,
42746,KDDCup99,4898431.0,41.0,9.0,5.0,0.0,0.0,0.9997666666666668,0.9999933333333332,1.0,0.9999666666666668,0.9999666666666668,1.0,,2144034.0,False,,1.0,
42769,Higgs,1000000.0,28.0,0.0,4.0,0.0,0.0,0.6761733333333334,0.6355533333333332,0.71164,0.61684,0.6837933333333334,0.7056799999999999,,940160.0,False,,0.661,0.7618333333333334
43489,Census-(Augmented),1000000.0,14.0,0.0,0.0,0.0,0.0,0.7842800000000001,0.7641333333333333,0.7940466666666667,0.7175733333333334,0.7874133333333334,0.7866133333333333,,630668.0,False,,0.7781,
44089,credit,16714.0,10.0,0.0,1.0,0.0,0.0,0.7521435692921237,0.7223130608175474,0.7787437686939181,0.685343968095713,0.7578863409770689,0.7692123629112662,,16714.0,False,,0.7577268195413759,0.7298105682951147
44090,california,20634.0,8.0,0.0,0.0,0.0,0.0,0.87078016475529,0.8346955257632047,0.9050557260539492,0.8375706670973994,0.8752705540300436,0.8933290260054918,,20634.0,False,,0.8900016152479405,0.8646422225811662
44091,wine,2554.0,11.0,0.0,0.0,0.0,0.0,0.7814863102998697,0.7447196870925685,0.8073011734028684,0.7543676662320731,0.7799217731421122,0.8156453715775751,,2554.0,False,,0.7979139504563233,0.7783572359843546
